id,full_genotype,sex,age_in_days
715093703,Sst-IRES-Cre/wt;Ai32(RCL-ChR2(H134R)_EYFP)/wt,M,118.0
719161530,Sst-IRES-Cre/wt;Ai32(RCL-ChR2(H134R)_EYFP)/wt,M,122.0
721123822,Pvalb-IRES-Cre/wt;Ai32(RCL-ChR2(H134R)_EYFP)/wt,M,125.0
732592105,wt/wt,M,100.0
737581020,wt/wt,M,108.0
739448407,wt/wt,M,112.0
742951821,wt/wt,M,120.0
743475441,wt/wt,M,121.0
744228101,wt/wt,M,122.0
746083955,Pvalb-IRES-Cre/wt;Ai32(RCL-ChR2(H134R)_EYFP)/wt,F,98.0
750332458,wt/wt,M,91.0
750749662,wt/wt,M,92.0
751348571,Vip-IRES-Cre/wt;Ai32(RCL-ChR2(H134R)_EYFP)/wt,F,93.0
754312389,wt/wt,M,140.0
754829445,wt/wt,M,141.0
755434585,Vip-IRES-Cre/wt;Ai32(RCL-ChR2(H134R)_EYFP)/wt,M,100.0
756029989,Sst-IRES-Cre/wt;Ai32(RCL-ChR2(H134R)_EYFP)/wt,M,96.0
757216464,wt/wt,M,105.0
757970808,wt/wt,M,106.0
758798717,Sst-IRES-Cre/wt;Ai32(RCL-ChR2(H134R)_EYFP)/wt,M,102.0
759883607,wt/wt,M,113.0
760345702,Pvalb-IRES-Cre/wt;Ai32(RCL-ChR2(H134R)_EYFP)/wt,M,103.0
760693773,Sst-IRES-Cre/wt;Ai32(RCL-ChR2(H134R)_EYFP)/wt,F,110.0
761418226,wt/wt,M,119.0
762120172,Vip-IRES-Cre/wt;Ai32(RCL-ChR2(H134R)_EYFP)/wt,M,100.0
762602078,Sst-IRES-Cre/wt;Ai32(RCL-ChR2(H134R)_EYFP)/wt,M,110.0
763673393,wt/wt,M,126.0
766640955,wt/wt,M,133.0
767871931,wt/wt,M,135.0
768515987,wt/wt,M,136.0
771160300,wt/wt,M,142.0
771990200,wt/wt,M,108.0
773418906,Pvalb-IRES-Cre/wt;Ai32(RCL-ChR2(H134R)_EYFP)/wt,F,124.0
774875821,wt/wt,M,114.0
778240327,wt/wt,M,120.0
778998620,wt/wt,M,121.0
779839471,wt/wt,M,122.0
781842082,wt/wt,M,126.0
786091066,Sst-IRES-Cre/wt;Ai32(RCL-ChR2(H134R)_EYFP)/wt,F,111.0
787025148,Sst-IRES-Cre/wt;Ai32(RCL-ChR2(H134R)_EYFP)/wt,M,114.0
789848216,Sst-IRES-Cre/wt;Ai32(RCL-ChR2(H134R)_EYFP)/wt,M,119.0
791319847,Vip-IRES-Cre/wt;Ai32(RCL-ChR2(H134R)_EYFP)/wt,M,116.0
793224716,wt/wt,M,120.0
794812542,Sst-IRES-Cre/wt;Ai32(RCL-ChR2(H134R)_EYFP)/wt,F,120.0
797828357,Pvalb-IRES-Cre/wt;Ai32(RCL-ChR2(H134R)_EYFP)/wt,M,107.0
798911424,Vip-IRES-Cre/wt;Ai32(RCL-ChR2(H134R)_EYFP)/wt,F,110.0
799864342,wt/wt,M,129.0
816200189,Vip-IRES-Cre/wt;Ai32(RCL-ChR2(H134R)_EYFP)/wt,F,128.0
819186360,wt/wt,F,128.0
819701982,Vip-IRES-Cre/wt;Ai32(RCL-ChR2(H134R)_EYFP)/wt,F,135.0
821695405,wt/wt,F,134.0
829720705,Pvalb-IRES-Cre/wt;Ai32(RCL-ChR2(H134R)_EYFP)/wt,M,112.0
831882777,Sst-IRES-Cre/wt;Ai32(RCL-ChR2(H134R)_EYFP)/wt,M,137.0
835479236,Vip-IRES-Cre/wt;Ai32(RCL-ChR2(H134R)_EYFP)/wt,M,121.0
839068429,Sst-IRES-Cre/wt;Ai32(RCL-ChR2(H134R)_EYFP)/wt,F,129.0
839557629,Pvalb-IRES-Cre/wt;Ai32(RCL-ChR2(H134R)_EYFP)/wt,M,115.0
840012044,Pvalb-IRES-Cre/wt;Ai32(RCL-ChR2(H134R)_EYFP)/wt,M,116.0
847657808,wt/wt,F,126.0
